{
  "definitions": [
      {
          "title": "Top-Selling",
          "id": "top-selling",
          "plugins": {
            "xwalk": {
              "page": {
                "resourceType": "core/franklin/components/block/v1/block",
                "template": {
                  "name": "Top-Selling",
                  "model": "top-selling",
                  "filter": "top-selling"
                }
              }
            }
          }
        },
        {
          "title": "Top-Selling-Item",
          "id": "top-selling-item",
          "plugins": {
            "xwalk": {
              "page": {
                "resourceType": "core/franklin/components/block/v1/block/item",
                "template": {
                  "name": "Top-Selling-Item",
                  "model": "top-selling-item"
                }
              }
            }
          }
        }
  ],
  "models": [
      {
          "id": "top-selling",
          "fields": [
              {
                  "component": "text",
                  "valueType": "string",
                  "name": "titleText",
                  "value": "",
                  "label": "Title Text"
                },
                {
                  "component": "text",
                  "valueType": "string",
                  "name": "toggleView",
                  "value": "",
                  "label": "Need Toggle View (Yes / No)"
                }
          ]
        },
        {
          "id": "top-selling-item",
          "fields": [
            {
              "component": "text",
              "valueType": "string",
              "name": "productid",
              "value": "",
              "label": "Product IDs(comma separated)"
            },
            {
              "component": "text",
              "valueType": "string",
              "name": "card_hrefText",
              "value": "",
              "label": "Link Text"
            }
          ]
        }
  ],
  "filters": [
      {
          "id": "top-selling",
          "components": [
            "top-selling-item"
          ]
        }
  ]
}
 